{
    "PRE_INSPECTION": {
        "Date": "2024-08-11 13:25:44",
        "Geolocation": "13.0878, 80.2785",
        "Vehicle Make": "abc",
        "Vehicle Model": "sedan",
        "Vehicle Year": "1983",
        "VIN": "fghhwe23",
        "Mileage": "4754",
        "Customer Name": "riit",
        "Inspector Name": "priyanshu"
    },
    "TIRES": {
        "Tire Condition for Front Left": "Good",
        "Tire Pressure for Front Left": "32 psi",
        "Tire Image for Front Left": "https://i.ibb.co/hsYtxWt/Front-Lefttire20240811-132930.png",
        "Tire Condition for Front Right": "Replace",
        "Tire Pressure for Front Right": "43.5 psi",
        "Tire Image for Front Right": "https://i.ibb.co/N7wnqtG/Front-Righttire20240811-133127.png",
        "Tire Condition for Rear Left": "Good",
        "Tire Pressure for Rear Left": "20 psi",
        "Tire Image for Rear Left": "https://i.ibb.co/ch8LGKy/Rear-Lefttire20240811-133213.png",
        "Tire Condition for Rear Right": "Ok",
        "Tire Pressure for Rear Right": "23 psi",
        "Tire Image for Rear Right": "https://i.ibb.co/wBvzdwv/Rear-Righttire20240811-133340.png",
        "Overall Tire Summary": "Over all, somebody is fine."
    },
    "BATTERY": {},
    "EXTERIOR": {},
    "BRAKES": {},
    "ENGINE": {},
    "Voice of Customer": {}
}